{
    "rmse": 0.8048759381977173,
    "mae": 0.6505453696600999,
    "r2": 0.027280247164998883
}